filename,size_kb,format
140_62658_1.jpg,1.01,JPG
142_66814-142918_1.jpeg,1.38,JPEG
079_55314-1900_1.png,1.94,PNG
200_68801-148266_1.jpg,2.1,JPG
123_68799-148264_1.jpg,1.27,JPG
008_58113-114116_1.png,59.64,PNG
134_68325_1.jpg,1.04,JPG
048_68588-147862_1.jpg,36.38,JPG
092_68232_1.jpg,178.79,JPG
032_66814-142920_1.jpeg,49.69,JPEG
151_62377-127792_1.jpg,251.19,JPG
071_56242_1.jpg,55.54,JPG
011_68178_1.png,2.02,PNG
089_66782-40_1.png,89.6,PNG
091_65354-10_1.png,370.01,PNG
006_56679_1.jpg,55.04,JPG
069_67531-40_1.jpg,2.11,JPG
121_68301_1.png,1.52,PNG
180_60144_1.jpg,119.74,JPG
018_67050_1.jpg,1.45,JPG
082_63764_1.jpg,1.34,JPG
161_66814-142917_1.jpeg,1.72,JPEG
132_68794_1.jpg,2.02,JPG
201_68808-148281_1.jpg,74.83,JPG
185_65667_1.jpg,1.41,JPG
017_64774-145124_1.png,1.51,PNG
094_66814-142920_1.jpeg,1.5,JPEG
198_67080-143649_1.png,1.41,PNG
174_68501-147759_1.jpg,67.45,JPG
131_66814-142919_1.jpeg,86.18,JPEG
068_68318_1.jpg,1.28,JPG
021_goggles-hero-1.jpg,6.22,JPG
085_68793_1.jpg,2.01,JPG
015_68308_1.jpg,31.21,JPG
043_Hero-1.jpg,5.63,JPG
078_68808-148281_1.jpg,1.3,JPG
144_62655_1.jpg,45.11,JPG
087_68501-147759_1.jpg,1.29,JPG
163_68305_1.jpg,115.08,JPG
096_62381_1.jpg,206.09,JPG
101_68703_1.jpg,1.24,JPG
065_68175_1.png,143.72,PNG
168_63547-143125_1.jpg,46.74,JPG
083_64820_1.jpg,1.13,JPG
028_68174_1.png,127.83,PNG
004_62934-129773_1.jpg,2.62,JPG
009_68292_1.png,100.73,PNG
012_67531-20_1.jpg,2.18,JPG
034_63355_1.jpg,66.69,JPG
049_68737_1.jpg,77.4,JPG
135_65409-30_1.jpg,100.15,JPG
192_62932-129769_1.jpg,2.48,JPG
164_68232_1.jpg,2.17,JPG
193_68706_1.jpg,1.24,JPG
183_63356_1.jpg,1.83,JPG
064_68305_1.jpg,2.39,JPG
013_63357_1.jpg,1.91,JPG
194_65354-10_1.png,19.32,PNG
133_67081-143650_1.png,1.48,PNG
176_68058_1.png,245.52,PNG
111_63764_1.jpg,87.05,JPG
149_Anton-17.jpg,4.46,JPG
156_68703_1.jpg,58.9,JPG
090_65794_1.png,142.45,PNG
059_68797_1.jpg,2.09,JPG
054_-62659_1.jpg,39.71,JPG
044_60145-120572_1.jpg,1.48,JPG
205_65254-143765_1.jpg,54.78,JPG
120_66814-142921_1.jpeg,53.19,JPEG
118_68177_1.png,131.54,PNG
172_63910-133532_1.jpg,2.19,JPG
023_67080-143649_1.png,44.68,PNG
002_64778-145146_1.png,46.69,PNG
041_53796_1.jpg,205.63,JPG
076_63547-143125_1.jpg,1.08,JPG
045_68795_1.jpg,2.02,JPG
001_68326_1.jpg,66.59,JPG
088_68701_1.jpg,1.15,JPG
113_68363_1.jpg,0.79,JPG
102_68176_1.png,145.5,PNG
114_65254-143765_1.jpg,1.43,JPG
187_67531-20_1.jpg,140.75,JPG
086_66814-142918_1.jpeg,35.44,JPEG
137_67078-143647_1.png,54.7,PNG
084_skidvardstips.jpg,8.13,JPG
005_66814-142921_1.jpeg,1.4,JPEG
072_68325_1.jpg,49.83,JPG
074_66782-40_1.png,1.81,PNG
189_60145-120572_1.jpg,89.66,JPG
159_65029-137655_1.jpg,2.05,JPG
073_62661_1.jpg,0.97,JPG
106_58113-114116_1.png,1.33,PNG
046_67928-10_1.jpg,1.42,JPG
077_68380_1.jpg,0.85,JPG
057_67531-10_1.jpg,121.31,JPG
139_66980-10_1.png,91.84,PNG
060_68316_1.jpg,1.28,JPG
178_68702_1.jpg,54.07,JPG
062_68178_1.png,141.0,PNG
067_68301_1.png,73.13,PNG
020_62668-20_1.jpg,191.28,JPG
145_68701_1.jpg,56.96,JPG
051_68702_1.jpg,1.16,JPG
030_56242_1.jpg,1.2,JPG
058_68175_1.png,2.03,PNG
128_68306_1.png,2.39,PNG
108_68308_1.jpg,1.19,JPG
206_-62656_1.jpg,52.86,JPG
158_66814-142919_1.jpeg,1.41,JPEG
129_68058_1.png,2.38,PNG
184_68176_1.png,2.21,PNG
202_67015_1.jpg,50.6,JPG
039_jlindeberg-kampanj.png,54.27,PNG
170_63357_1.jpg,68.3,JPG
097_67081-143650_1.png,79.86,PNG
036_67362-10_1.jpg,1.48,JPG
070_65029-137655_1.jpg,108.36,JPG
053_68583-147852_1.jpg,1.38,JPG
169_65667_1.jpg,156.39,JPG
010_68614_1.jpg,69.02,JPG
150_63909-133531_1.jpg,2.3,JPG
093_64774-145123_1.png,31.16,PNG
055_67362-10_1.jpg,73.37,JPG
160_65047-100_1.png,2.03,PNG
162_66782-10_1.png,1.71,PNG
199_68802-148267_1.jpg,107.32,JPG
125_63950-139967_1.jpg,225.71,JPG
182_68292_1.png,1.48,PNG
110_68790-148238_1.jpg,50.61,JPG
103_race.jpg,7.15,JPG
063_67921-146026_1.jpg,55.93,JPG
047_68318_1.jpg,84.0,JPG
188_66824_1.png,106.83,PNG
007_67531-10_1.jpg,2.12,JPG
027_67079-143648_1.png,53.63,PNG
147_68799-148264_1.jpg,60.94,JPG
195_68514_1.jpg,158.02,JPG
116_62934-129773_1.jpg,294.62,JPG
155_67531-40_1.jpg,149.06,JPG
099_67928-10_1.jpg,75.19,JPG
105_overlay17_sv-SE.png,5.96,PNG
035_66814-142917_1.jpeg,69.26,JPEG
175_68493-10_1.jpg,174.06,JPG
100_64774-145123_1.png,1.29,PNG
190_-62656_1.jpg,1.1,JPG
112_65047-100_1.png,95.36,PNG
171_68046_1.jpg,74.34,JPG
167_65409-30_1.jpg,1.92,JPG
075_68513_1.jpg,159.94,JPG
037_68802-148267_1.jpg,1.62,JPG
016_63358_1.jpg,68.06,JPG
025_60144_1.jpg,2.12,JPG
003_66782-10_1.png,82.5,PNG
141_62658_1.jpg,44.24,JPG
173_63909-133531_1.jpg,119.13,JPG
152_55314-1900_1.png,112.37,PNG
117_65794_1.png,1.92,PNG
146_62381_1.jpg,2.19,JPG
124_65665_1.jpg,1.96,JPG
130_68046_1.jpg,1.21,JPG
207_63910-133532_1.jpg,199.12,JPG
197_67359-10_1.jpg,1.17,JPG
107_63358_1.jpg,1.67,JPG
138_68316_1.jpg,66.39,JPG
127_67079-143648_1.png,1.45,PNG
165_62668-20_1.jpg,1.83,JPG
052_68326_1.jpg,0.91,JPG
056_68437-10_1.jpg,295.86,JPG
177_64820_1.jpg,81.49,JPG
080_64774-145124_1.png,43.66,PNG
042_68306_1.png,106.09,PNG
109_68177_1.png,2.24,PNG
061_65665_1.jpg,74.4,JPG
104_65509_1.jpg,0.79,JPG
066_62377-127792_1.jpg,2.45,JPG
122_68706_1.jpg,54.93,JPG
136_62932-129769_1.jpg,197.04,JPG
040_67614-145078_1.png,1.37,PNG
154_-68821_1.jpg,1.45,JPG
081_-62659_1.jpg,1.0,JPG
203_66824_1.png,1.42,PNG
157_62661_1.jpg,41.28,JPG
115_68317_1.jpg,1.23,JPG
038_Anton-3.jpg,8.6,JPG
148_68174_1.png,2.01,PNG
026_67078-143647_1.png,1.44,PNG
143_68801-148266_1.jpg,140.11,JPG
196_64778-145146_1.png,1.46,PNG
095_67614-145078_1.png,36.25,PNG
022_67014_1.jpg,46.71,JPG
191_67359-10_1.jpg,80.25,JPG
019_68493-10_1.jpg,1.95,JPG
119_63356_1.jpg,62.29,JPG
031_68359_1.jpg,1.28,JPG
181_53796_1.jpg,2.06,JPG
050_68317_1.jpg,79.92,JPG
024_67015_1.jpg,1.55,JPG
179_68589-147865_1.jpg,48.97,JPG
029_65352-100_1.jpg,105.69,JPG
033_68437-10_1.jpg,2.52,JPG
098_66980-10_1.png,1.84,PNG
186_67014_1.jpg,1.29,JPG
014_56679_1.jpg,1.05,JPG
126_68820_1.jpg,1.38,JPG
153_62655_1.jpg,1.1,JPG
204_65352-100_1.jpg,1.95,JPG
166_63355_1.jpg,2.01,JPG
